{"cameraMode":{"drawMode":0,"name":"Shaded","section":"Shading Mode"},"sceneLighting":true,"audioPlay":false,"sceneViewState":{"m_AlwaysRefresh":false,"showFog":true,"showSkybox":true,"showFlares":true,"showImageEffects":true,"showParticleSystems":true,"showVisualEffectGraphs":true,"m_FxEnabled":false},"in2DMode":false,"pivot":{"x":3.1414406299591066,"y":-0.4288744628429413,"z":178.06565856933595},"rotation":{"x":-0.32925674319267275,"y":0.343498170375824,"z":0.12533991038799287,"w":0.8705698251724243},"size":2.0660252571105959,"orthographic":false}